Author1,Author2
736,1200
109,321
1222,3574
692,2362
599,2134
287,327
359,432
69,2319
1201,1421
929,962
351,1022
874,3012
232,1559
1070,2658
43,2037
191,740
2336,3157
2026,2214
427,2148
2338,3203
786,3020
357,628
535,671
375,2668
853,980
1632,2933
219,3323
66,866
1442,2543
1289,2715
396,1680
2555,2800
173,3557
2318,2685
1093,2143
819,1611
3103,3140
1570,3236
2051,3280
867,3493
44,1470
1513,3604
155,1981
2865,2975
1049,1928
367,1342
625,1866
652,1740
79,121
116,942
1141,1867
2833,3521
1525,1978
71,647
759,2216
938,2447
155,1055
1533,1610
1691,2950
497,2741
722,873
608,1525
143,671
692,3101
222,671
1625,2488
197,3243
1301,2512
466,3404
3256,3344
425,1013
932,2012
400,956
1074,2361
1513,2933
301,1593
2913,3247
2436,3322
2497,2780
1235,3339
731,2116
1739,2054
1517,3173
192,2481
2766,2796
1260,3224
258,3185
1818,2993
1360,3347
645,2318
3024,3478
512,2728
2081,2814
2318,2498
2031,2239
3422,3487
875,1733
417,855
499,3139
650,2783
213,2782
2933,3215
586,812
147,2162
892,3070
1642,3302
532,2498
1263,2488
1455,2429
2455,3038
235,2167
1312,3548
699,2796
162,642
165,876
719,2216
429,2154
1658,2586
1156,1207
789,1908
642,2154
655,2093
232,3158
177,1236
560,2206
205,2503
1234,2150
939,1744
3076,3105
2382,3182
1850,3587
3358,3434
108,1523
750,761
2859,3521
359,876
1785,2145
2818,2931
1209,1460
370,2876
848,1454
1803,2320
1180,3095
177,2417
1794,2500
419,2179
1774,3016
581,1460
17,600
1608,2202
630,2520
714,3157
287,3349
1369,2859
2098,2968
1831,2624
1284,1997
408,606
370,2300
1117,2759
1115,2161
1902,3214
900,3175
3348,3415
256,3073
1782,3563
584,660
2716,2909
381,1792
1110,1938
3355,3539
2825,3310
707,1962
1681,1875
499,966
2947,3192
1426,2817
1181,2757
3304,3429
608,909
2287,2624
14,399
1012,2719
151,2619
2451,2732
1501,3112
657,1444
947,2940
522,3242
924,2956
2161,3572
2990,3131
1541,2632
156,2855
460,3532
1145,3369
1785,2763
267,1905
1803,3046
127,1336
25,3540
2449,3157
1241,3013
2342,2802
1748,2063
569,2620
1923,2589
2432,2695
885,1136
1029,1329
1968,3005
830,1614
1742,2699
1475,3072
1435,1724
478,1162
335,2574
2336,2354
1171,2846
1439,2597
488,574
759,3023
863,3080
730,1504
558,754
977,3367
1189,2957
1559,1736
1119,1851
2001,2498
1317,3263
155,3272
403,3108
2123,2609
1020,2747
2186,2665
2504,3240
435,2996
1436,2847
2115,3135
475,3334
1776,3440
72,3358
1526,2511
1254,2052
754,3163
155,360
671,3394
2032,2319
2936,3220
1563,2514
2311,2902
647,1990
313,2639
2517,3007
829,3458
2176,2714
2637,2843
1672,1868
628,1603
19,2313
1168,3045
3064,3297
1892,3076
727,1353
345,1022
1062,1077
2145,2209
116,2367
10,2614
1844,3449
697,2763
833,2129
468,1479
839,3112
2133,3030
1638,2233
1223,1237
406,2964
1603,3444
1145,1317
231,1391
287,505
3,1914
2459,2503
349,1275
1087,3190
1249,2700
401,913
867,2369
1046,2371
944,2589
1207,1242
917,3129
1877,2942
1844,2765
2933,3446
2133,3393
1508,3341
2022,3296
1435,1779
2133,2575
2624,2812
1235,3596
1097,1905
1076,3014
1893,3007
260,1933
1987,2642
866,2911
1740,2657
1868,3071
156,2347
867,2624
1481,2029
1061,1443
962,2861
1246,2391
39,671
1327,2501
468,3265
1567,2153
1868,3313
1840,2204
3123,3165
806,2627
1238,3038
1551,3498
503,603
3254,3355
111,1018
1353,1978
1917,2020
379,2001
699,3403
1509,2454
1303,3554
1182,3264
47,3598
2864,3183
2413,3247
434,2997
2624,3430
1832,2218
790,3009
1807,2161
1218,1766
2947,3073
2265,2450
332,3070
1860,3569
2180,2793
339,2965
2579,3027
29,2022
2145,2277
295,680
2430,2675
1776,1885
124,2259
2585,2963
759,1723
880,966
1891,1993
2853,3387
2223,3220
2352,3105
2562,2686
1849,2750
784,2426
378,1738
1868,2763
853,3199
1708,1764
75,919
664,1957
652,2657
688,2314
1909,2922
1804,3394
140,2216
379,2498
2081,3113
183,1805
126,1234
464,1266
2515,2587
333,2503
2488,3164
1600,2473
1009,1968
1270,2009
138,2678
883,3549
728,1460
1165,2252
155,3261
530,3138
628,3444
3171,3278
554,1051
2826,3280
1444,2017
2971,3109
1698,2607
2482,2652
2974,3114
1501,1504
1798,2959
523,1822
765,1355
642,2682
2617,3227
3375,3579
2433,3591
184,528
875,3563
804,2865
1640,3137
2540,2899
916,1645
107,1247
1758,3129
2042,2659
1569,3378
1409,1928
1081,1345
1982,2729
988,2285
679,2698
1043,3389
1185,3509
1314,1933
1114,3040
2380,2896
907,1020
2288,3307
400,1189
1119,2108
152,3073
9,1304
335,1208
605,3055
2062,2442
659,1076
723,2000
1943,3164
569,3482
662,2892
743,1541
550,1375
181,2740
249,1154
712,915
875,1845
802,3289
1120,3598
116,1685
852,3002
878,3139
2173,2942
32,644
778,2154
1659,1674
1257,1896
523,2574
861,2044
3176,3448
581,1209
536,1466
1528,2480
1283,2154
787,2216
317,1809
931,2611
1607,2665
989,2323
1231,1856
2748,2984
831,2151
1999,3125
185,956
1669,2432
1218,1513
702,1633
1223,2796
700,2755
3432,3508
1587,2255
1642,1696
360,1603
1535,1570
930,2924
1785,3438
331,2070
711,3523
1253,3025
527,2130
2564,3590
965,1346
824,2124
656,1759
2034,2314
371,543
1368,1406
2538,3015
1944,2505
3263,3419
1200,2761
2058,2792
196,2124
832,3008
1427,2400
2012,3090
1551,2466
1603,2104
818,2063
310,3542
1891,1982
612,1140
968,2761
1663,3057
270,3362
820,3011
1353,1525
383,795
1172,3170
341,798
2438,2501
151,637
478,803
334,3239
2063,2331
2015,3337
3021,3495
2985,3020
1896,3507
2194,2935
2457,3574
548,2565
2270,2930
2066,2871
1550,1557
1978,2758
1019,3355
1640,1716
196,3547
1664,2598
590,697
2579,3392
1973,3582
1555,2840
937,2498
1196,1675
1051,3014
2646,3338
772,1384
328,1636
2446,2755
1188,3248
612,2563
2537,3287
1114,1269
171,642
3280,3331
1781,2715
1492,2612
2498,3295
1450,2386
1226,1675
1317,3025
581,1156
815,1057
1895,1955
460,2852
1415,2550
759,933
1220,1493
302,1596
554,2342
817,3210
1678,2492
63,240
340,2763
816,1938
1189,3203
432,2995
671,2230
1031,1984
433,2294
448,2831
375,1306
3272,3587
59,2763
2185,2686
3332,3574
701,1183
1201,3455
1662,2618
806,1879
663,1012
322,490
1676,2637
405,1656
739,778
1463,2758
2175,2735
873,2700
1461,3099
2451,3020
1135,2296
153,280
70,2726
562,2663
1441,1585
1766,1870
1201,1603
929,1144
215,2326
1376,2358
1635,3521
331,1454
921,2488
332,2322
411,2386
889,2950
1318,2538
165,869
1687,2112
2017,2512
855,2255
879,2612
1,2343
2626,2741
852,3125
2461,3347
2349,2877
1350,2318
3093,3560
383,3320
1556,2423
733,1861
2039,3065
2402,2888
581,2029
155,1103
3314,3384
499,1401
1805,1851
2271,3344
1424,2654
1968,2488
165,1003
1904,2769
1007,2258
1886,3358
1062,1928
1719,2952
356,719
762,2161
1183,1400
1033,2624
1792,2649
1069,3486
1286,1794
2127,2144
404,2574
2396,2534
181,1253
196,824
499,596
107,257
1223,3027
1156,1805
1574,2318
3358,3561
679,2634
572,707
417,1587
21,1129
850,2408
2419,2908
473,1603
526,2698
1460,1519
703,2065
264,2432
1439,3153
981,1292
375,1482
1099,3233
668,2000
227,271
1022,3400
2549,3260
2091,2153
410,3546
1941,2394
1600,2330
320,620
548,2433
1281,3223
742,2420
1439,2348
2110,2287
1510,3460
359,2655
921,1375
1015,2700
1218,3288
406,1158
46,2838
328,1504
129,1560
296,2491
894,1134
272,3302
1829,3334
740,2616
2221,2626
1498,3463
2335,3142
439,446
661,1276
38,102
370,575
1636,2875
177,3149
1804,2230
2000,2519
887,1215
307,3380
190,1812
3113,3328
2874,3046
1986,3294
702,3542
475,1099
1866,3579
128,2223
2313,2578
2113,3456
1492,2614
1519,2488
1486,2311
554,3499
1529,2883
1126,2907
1069,2144
1943,2671
939,2034
853,2519
805,987
798,2031
2379,2420
1018,2034
639,3206
369,1359
626,1924
1643,3254
2231,3424
899,1524
1696,3302
777,1046
2051,2712
302,672
453,1070
1201,3444
1636,3372
2959,3237
354,2296
221,949
1403,1858
262,1475
1325,1938
2457,3255
2746,3129
354,1249
173,3123
1768,3447
68,1380
1377,1576
1884,2841
912,1476
3336,3345
1844,3442
730,2933
1101,3455
757,1201
458,1548
1285,2000
697,2998
957,1905
426,1717
1381,3401
175,3303
722,1486
1189,1595
611,3604
332,2203
714,2305
1349,1355
1471,2247
879,2372
1868,1883
323,2154
1754,2801
1382,2175
3009,3434
329,3073
217,388
1664,2763
1481,3056
1152,1834
1423,2593
1512,3574
2842,2920
1776,3125
253,2152
879,2614
1526,2196
476,1443
735,2835
692,1970
748,1084
674,869
722,1849
599,2681
2624,2818
1273,3534
3015,3090
496,1398
1239,1442
499,1403
1001,1506
1479,3265
2398,2488
116,3220
1317,2156
1812,2364
2132,3537
2369,2955
989,2327
2574,3360
478,2525
11,1598
798,1160
1081,2451
468,2453
1994,2906
356,963
2245,2488
1257,2613
438,1527
1885,1916
2062,3306
2127,3435
2732,3020
32,3468
1968,2624
1775,2495
190,2364
292,1594
1572,1577
1235,3389
2840,2940
1231,2223
1998,2624
1497,2342
129,2246
2128,3148
3253,3523
1603,3263
395,904
2401,3014
2554,3256
1841,3320
1743,2748
1603,2216
1061,1933
791,2072
56,391
2,1323
888,1187
178,2488
1669,2920
1139,1708
688,1018
377,2324
499,2021
1796,2917
361,1562
1123,1885
699,1557
1312,1491
1477,1824
238,1613
1031,1249
3090,3185
1923,2584
990,2645
2032,2985
671,1616
2775,3029
526,969
1749,1879
1475,3067
566,1270
2354,3157
2194,2939
12,3084
488,798
579,2148
735,2661
996,2436
891,922
2305,3157
963,3013
245,1750
375,3028
2491,3512
64,362
924,3206
10,1294
156,1119
2137,2647
760,1499
74,3157
822,3545
920,1636
1004,2798
2497,3340
866,1107
1805,2029
874,2688
3250,3577
126,1253
874,1641
2342,2355
835,2329
1294,2614
2287,3358
907,1939
2111,2607
1069,3435
718,2683
3034,3521
303,2175
2940,3105
1092,2106
1331,1570
61,548
334,1646
1602,1804
763,3220
439,2342
1332,3148
2287,3600
738,1177
1340,3497
2081,2677
3263,3357
254,1249
866,2530
1454,2700
2216,3023
719,3005
304,1780
268,2086
1277,2515
1475,2759
733,3583
953,3586
1626,2174
337,1139
2852,3355
256,1968
2791,2850
98,1796
2040,2164
1353,1463
1962,2739
2384,3142
62,2489
575,1842
642,849
1412,3211
2933,3320
672,957
1215,1879
649,3188
939,1715
944,2584
331,1566
909,1314
334,1083
78,1157
1018,1715
1357,3167
1985,2699
2578,2984
2645,2745
3073,3192
1324,1943
871,3129
146,1907
3176,3320
402,3553
402,1109
608,1443
1205,3419
1991,2113
1674,2406
143,360
925,1564
2805,3269
310,702
628,3263
466,3201
1424,2416
205,2608
2187,3341
2957,3259
297,2611
454,2036
1379,1976
1604,2360
603,2280
434,522
370,995
793,1852
263,2855
1670,2835
417,1457
819,3194
1737,3010
641,1875
1805,3373
960,3318
165,1357
165,3343
1092,3208
321,3102
2174,2718
2860,3460
921,3097
351,3210
1413,1573
1968,3552
722,3153
1327,2967
2199,2896
877,1226
1450,2808
456,2593
1254,2344
853,2000
1603,3023
801,1581
3366,3389
256,2949
3513,3587
837,2177
431,442
804,3168
1375,1708
776,1645
2369,3320
1154,2234
619,678
44,3187
2523,2740
1046,2408
827,1058
1851,2347
1904,2439
882,2714
851,3401
2348,3153
150,1489
181,2788
1036,1353
218,1623
2271,3256
719,3073
955,2532
380,2072
485,2125
989,1887
147,3032
29,273
1455,3528
156,1805
333,1438
2019,3341
1088,3182
603,1972
771,1031
554,1033
1701,2887
720,1968
183,2029
2060,2941
1273,2302
801,3246
824,1688
2441,2754
2556,2741
1033,1273
1812,3226
1699,2302
1747,1784
1177,1668
1091,2153
1011,1901
196,1688
1424,2713
1465,3424
826,1976
1020,2744
1438,2503
190,3226
1138,1982
709,1576
872,3031
572,2739
818,1748
62,3162
2039,2319
1189,1920
1139,2328
249,2988
1694,2321
381,2649
272,1696
1230,3089
304,1877
1357,2672
103,840
1956,2671
1107,2911
1020,1939
1675,3368
116,257
1201,1462
1574,2498
372,1351
909,1061
2645,3310
1786,3320
1378,2034
1161,3497
31,563
1968,2802
1635,2104
3254,3539
1773,3502
144,332
639,2755
1981,2633
76,1100
1722,2867
213,1600
1209,3056
770,2191
164,166
3135,3416
1416,2568
1223,2402
951,1714
871,1721
798,2640
2563,3604
385,744
1216,2133
2082,2513
2813,3486
344,3372
581,3056
1799,1932
3101,3135
1904,2628
1400,2600
2602,3195
647,1545
1392,2187
1612,2456
1845,2169
1673,2880
243,2394
671,2841
2990,3196
3136,3250
1190,1191
1787,3396
2250,3157
2604,3389
51,2049
3101,3148
1062,3076
2526,2917
382,3088
1366,2063
1102,1199
684,3426
1623,2362
107,116
1454,3307
440,1982
2050,3338
1145,2737
162,3206
714,1733
917,2321
678,1810
2238,2342
616,2100
1242,3020
1448,3125
822,3373
982,3362
1185,1210
1566,2070
418,1977
1447,2378
332,2462
1347,3194
2125,2707
2342,3230
2154,3408
387,3566
1715,2314
1684,2964
50,1931
1204,2512
1453,3482
1725,1726
71,1990
500,3335
1434,2156
1470,2604
1984,2596
2778,2834
1434,3324
156,263
1394,2501
1268,3328
256,615
887,1879
1730,3093
1408,3042
1379,2112
656,1754
341,430
893,1172
459,2637
2417,3013
576,2404
1189,2338
2624,3427
61,1665
68,392
1817,3075
1359,1473
980,3103
1918,3157
715,1371
1176,1766
847,1527
1454,1710
989,1876
997,3457
111,1378
1427,2287
876,3167
722,2700
94,916
240,2202
2220,3320
290,2144
438,847
969,2698
437,2608
879,1492
3435,3480
120,2379
636,2673
852,1776
671,2896
2133,2627
1491,2406
300,2202
2178,2814
2348,2700
978,3433
1702,3464
1313,1437
2660,2679
1244,1603
1814,2658
2037,2178
531,620
1890,2882
920,2566
1183,1219
766,2099
1478,1783
1130,2497
1039,2086
1981,2488
1873,2433
3,598
471,474
714,875
1070,2459
1025,3211
939,3208
90,2179
1662,2721
2641,2776
1154,2988
1804,2841
57,1894
113,3223
1733,3311
2342,2601
1621,2050
1559,3158
2,911
3114,3117
165,380
383,1771
2019,2096
1532,2503
262,1481
604,2413
1739,2981
1563,2984
157,2367
2557,3320
499,1020
2713,3308
1968,3154
1962,2622
1475,2763
1141,1426
3403,3462
519,2840
1849,2452
390,740
2184,2671
1119,2347
1143,3458
754,1431
0,1494
937,2535
1446,1658
472,1718
23,394
1504,1636
76,1223
1223,1357
232,1736
338,671
890,1184
1108,2538
3250,3260
421,1608
1635,2469
749,1558
1105,2425
439,2601
1586,3223
1321,1491
1312,1671
2313,2505
267,1033
1207,1362
1931,2588
379,685
2147,3152
3157,3311
571,626
2290,3460
1073,1547
1138,1905
1963,2284
2038,2872
238,867
1439,2772
958,3142
1181,1201
1640,2947
506,1291
848,2489
786,1345
443,454
2432,3112
1069,1145
1160,3478
2734,2925
2250,2354
1860,3071
1230,2675
3168,3567
243,1941
98,2526
1781,2899
223,2642
1276,1451
357,1181
1475,2563
367,1640
1201,3263
1261,1328
1084,2449
2489,3107
1297,1510
68,260
317,1001
167,1471
898,2444
774,2637
1443,1978
369,602
116,193
613,3214
705,1985
287,1243
476,1933
37,3283
463,2637
482,664
248,3466
2763,3467
1381,3436
2225,3303
379,1182
1781,2094
726,2458
1316,2031
1357,2032
1345,2732
240,1023
50,899
554,2876
2524,3077
1173,2396
1707,2266
2211,3031
459,774
710,2342
63,2531
61,1667
2886,3062
849,3588
1645,2741
900,2587
329,1603
795,3059
2723,3300
2253,2331
3251,3419
699,1550
1478,3503
375,2887
1314,2577
1570,2274
376,2065
692,1776
2853,3494
554,1842
283,2251
1764,1766
1115,3572
172,693
1231,2700
776,844
1918,2354
287,3016
1860,2763
1457,3578
2682,2871
290,3435
323,3383
885,3352
1697,2476
2263,3153
2500,2571
568,1201
866,1797
678,1975
499,2498
184,1211
693,1317
768,1905
1516,2293
1235,1785
660,2079
1540,1603
1442,3017
612,1513
1360,1901
422,1618
2514,2748
1220,3355
1189,2958
573,2689
1648,3243
101,1418
68,1241
1181,2316
3441,3488
1457,2894
538,2624
2029,3056
2313,2586
2180,2700
1017,1804
1617,1799
335,2938
572,2622
1175,1868
1264,3603
658,1349
1940,2610
331,2122
1146,3503
917,1694
1121,2921
2382,2662
2607,3009
224,949
1797,2911
2278,2726
794,2684
937,1006
1635,3034
136,2189
1605,2862
383,3049
335,1207
1059,3224
269,1607
1904,2498
839,2174
1446,2586
205,1070
1574,1805
156,1851
237,3358
1868,1878
3213,3488
1411,3396
1421,1603
2024,2805
2750,3434
702,1135
554,3186
997,2709
460,2770
1353,1590
1143,2763
74,748
113,447
1868,2938
1353,2758
1611,3282
12,3253
1805,1835
3157,3192
3079,3501
417,2255
499,2324
3403,3598
1981,2182
2418,2974
2872,2915
494,3148
307,2504
3574,3601
647,2838
1380,2194
793,2663
600,2497
2299,3403
991,3321
1147,1619
2471,3106
1070,2503
2139,2488
1905,2321
1913,2936
432,1879
533,2456
3272,3397
1491,1671
2475,2824
479,3388
128,2636
1076,1163
1905,2671
886,3217
359,2276
1417,2624
1095,2344
391,2228
1879,2655
1454,1459
1827,1970
1999,3245
1002,3550
608,1933
1238,1282
2327,2966
998,3027
1903,3133
1433,2955
402,1949
2692,3589
1721,3129
625,1469
592,1292
2488,2776
1063,2863
2238,2601
1159,2342
169,1603
336,2534
468,475
1822,1868
63,655
331,3358
463,774
2713,3244
2028,3141
1575,2149
331,2311
332,2950
196,2123
1254,2471
2599,2849
1043,1470
1284,2350
2081,2859
1933,1978
1540,3444
76,3374
514,3048
2465,2741
1382,3272
1608,2568
3183,3371
328,1501
136,513
475,733
1710,2700
2434,2502
1688,2123
739,3408
334,3359
29,279
230,2484
1117,3475
771,2084
203,3549
2973,3022
1937,1938
641,1681
3486,3543
17,2497
1471,1613
1166,2963
2772,3153
383,3493
727,3303
527,1700
234,3370
586,2280
1544,2249
384,3314
2287,2293
346,578
394,1292
939,1092
176,3550
369,1235
2079,2529
881,3073
1977,2252
1160,1212
2744,3333
2365,2482
1386,2198
3027,3392
1475,3438
1568,2848
1124,1905
2371,3172
659,1051
929,2861
2412,2944
120,1002
391,3451
799,2522
816,1937
2216,3005
3420,3444
758,1932
149,2642
1022,3210
13,14
2471,3416
1504,3600
1645,2556
3369,3519
787,1478
2603,3427
1744,3208
1494,3262
1606,3503
21,1652
934,1353
867,2117
3031,3581
1002,1753
2488,3073
645,2418
238,1771
1578,1805
1659,2696
1223,3334
1197,2113
786,1081
2613,2960
813,955
1434,3517
288,1070
1226,3339
1446,2588
1201,2757
1409,1474
719,3013
1214,1235
941,2308
464,1188
3229,3313
1794,1995
1685,3220
501,1255
1172,2177
115,216
1054,1138
1150,3061
155,2015
864,1014
1736,3158
2594,2694
2624,2802
867,1433
101,173
1372,1834
2576,3027
2050,2163
241,863
1368,1836
596,2488
1534,2542
1346,2720
3013,3149
493,2252
1613,1788
1972,2889
172,1113
774,3433
740,3031
1196,1850
1781,2540
289,651
3,2280
1577,2481
2203,3172
1472,3596
2348,2772
1343,3482
484,3492
1094,1960
2162,3521
128,3564
70,1344
1603,3005
2634,2698
971,2684
47,2299
853,1874
466,3451
376,525
544,2287
475,2453
418,1165
1636,3424
2479,2652
335,2298
1357,1794
393,2276
1955,2652
1310,1453
475,2574
1233,2926
1002,2505
263,1119
2217,2544
1520,3370
18,1022
1929,3309
1791,3604
2603,3482
407,3234
2231,2563
1668,3389
188,837
570,1656
1471,2286
886,1138
2331,2915
482,1957
1156,2167
1455,2463
3468,3529
1117,2175
757,1603
879,2532
311,1028
813,1949
1317,1711
1096,2008
1438,2122
1602,2230
385,805
1036,2758
1156,1362
260,1978
104,2899
3435,3486
412,2786
2607,3563
688,1378
708,3013
1107,2530
2113,3442
52,1167
196,2609
3131,3196
1369,1712
51,942
1501,3588
2437,3044
568,3420
2474,3340
875,3311
1888,3216
226,687
1045,1507
901,2667
786,2451
104,2094
160,942
509,867
1232,2888
375,3267
1746,2880
751,1797
2406,2926
1688,2609
1471,1857
116,239
1322,1505
1368,2375
116,1407
2046,2475
2356,3189
640,1821
182,2929
60,1017
1051,1163
1081,2732
1636,3479
1603,3073
180,1055
1140,3083
310,2296
1027,1156
1484,2563
446,2342
995,1352
905,2398
638,2283
1636,3371
10,499
228,2119
395,3050
699,3461
1325,1937
1139,1518
1654,2607
1563,2748
623,3587
198,671
2063,2253
1748,2915
423,2186
1119,3387
357,1603
1525,2577
3125,3245
2751,2775
764,1469
225,895
1120,2299
1799,3082
3251,3357
475,2763
265,2953
1636,2566
2352,3150
1335,2574
290,1145
68,3018
601,1303
212,3477
1375,2121
267,3120
1818,3337
1021,2010
665,914
551,1832
545,3249
1073,1419
1052,2528
1420,2695
199,1794
1343,2182
1516,2110
2560,3314
774,978
1711,3517
1988,2105
2089,2645
3240,3423
530,3183
661,1451
1787,2465
1181,1194
284,2898
1003,1565
276,3488
1563,2427
134,3075
2536,2933
344,1636
1105,1734
47,1120
3425,3482
2712,3280
1642,1794
465,3215
2576,3392
263,1805
34,1982
772,1682
2749,3054
1145,2156
666,2158
726,3377
2765,3449
75,2629
1563,1743
2364,3226
1872,2498
1502,1504
406,1830
1466,1847
1189,3259
908,2980
555,1172
1031,3087
1679,2076
2269,3073
157,1247
573,2882
906,2274
2608,3478
1281,2151
641,3511
871,1758
415,2710
354,2700
2777,2883
812,1070
2127,2737
1463,1525
554,1943
1927,2154
646,2700
312,1363
909,1353
1905,2809
719,963
2766,3074
1090,2862
383,785
2218,2488
2922,3358
611,612
671,1602
53,2721
299,1959
1277,2580
332,1089
1966,3556
1109,1949
852,3047
2791,3144
933,1723
760,3458
1221,3587
2126,2498
3340,3588
116,2080
352,2616
1382,3397
446,1497
1010,3525
535,1017
345,856
699,3074
1675,2868
919,2296
875,3192
2751,3206
77,179
1286,1945
1818,3526
367,1446
2550,2923
461,3030
1825,2933
1956,2184
1271,2081
2876,3093
1532,2122
2053,3285
1239,2543
1172,1321
2544,3522
2647,2977
2299,3462
565,993
1624,3000
1804,1884
357,3444
1534,1794
917,1566
884,1389
47,3403
2342,3401
176,2507
828,2921
659,1163
172,3519
1187,3268
1391,2775
116,3395
330,880
1618,2444
1475,2624
680,2161
812,2280
1667,2565
376,703
2103,3361
1502,1680
719,2991
3,606
2991,3005
487,655
573,1890
356,3353
172,1317
68,671
1069,2737
202,671
2684,2710
1297,2860
554,1998
2918,3587
904,3050
804,3112
527,2309
3085,3175
2015,3261
722,2750
378,496
505,1769
572,776
2812,3016
699,2766
1921,2027
947,1821
787,1603
1160,3097
1269,3040
18,2260
2273,2859
1818,3218
123,2956
2058,2153
895,1257
327,1968
406,2261
638,3587
1541,1634
1251,3521
702,2296
306,2030
3389,3535
574,798
2647,2669
307,3423
709,2420
380,3413
238,1788
1965,2985
1199,1237
411,1450
574,3134
2432,2865
2420,3565
3124,3358
2250,2336
1570,2348
2342,3093
1701,2013
353,1566
1600,2870
2574,3335
1151,1317
2065,2411
1438,3481
2275,2406
231,943
1635,2719
771,2385
0,3262
425,1977
400,1920
1139,2488
1273,2488
2128,3002
1944,3181
295,1574
2678,3405
1846,3289
590,2165
798,3134
54,1404
348,2753
2691,3465
683,2514
237,2693
2026,2065
1033,1809
1782,2607
1393,3549
2179,2243
2203,2371
996,2866
1555,2564
1522,2912
219,3174
375,1701
2145,3534
1603,3251
1034,2047
72,387
140,787
76,3475
278,1660
1475,1874
1120,3403
421,1416
2202,2913
1033,1943
1918,2336
548,3591
1780,1877
12,2830
1158,1830
1314,1525
1307,2569
352,390
671,1833
339,1094
287,2890
359,2995
414,487
352,1558
1119,1471
62,1496
1729,2154
2737,3435
1434,1711
1353,2577
165,1853
2543,3017
2223,3564
499,2372
1877,2173
1209,1485
142,1317
1742,1985
424,2198
2432,2920
1160,3057
389,965
1973,3574
634,2947
460,845
970,1095
355,2485
1797,2530
1774,2812
126,181
172,1051
499,2614
788,2488
1880,2420
596,1500
331,2922
1332,3002
1189,2953
179,3319
1139,1375
68,1236
926,3482
378,1398
1257,1259
117,3205
475,1223
1689,2084
787,1229
320,531
1353,3303
2136,2480
470,475
549,3508
818,2915
155,585
3288,3402
1675,3475
1417,2914
99,949
2624,3358
165,2471
2406,3401
859,1576
421,1350
3320,3448
1079,1471
402,3178
1475,2868
1540,3263
2624,3600
3350,3475
301,1591
1634,2632
2415,3197
63,487
1071,1472
410,1726
623,787
2796,3074
808,1772
706,1761
1210,3509
415,794
989,2049
87,965
68,686
1865,1868
1139,1764
1235,1472
1063,2937
908,1077
1392,3341
141,1844
478,1200
2197,3482
492,2303
2650,3198
446,2601
1196,3587
3389,3537
1857,2286
702,1480
2013,3028
628,3251
1231,2763
3266,3588
2815,2898
138,2606
62,1793
681,1542
2501,2967
539,671
790,3434
50,1446
2581,3606
1375,2488
735,1670
1167,2081
819,846
1158,2261
1570,2700
1475,3365
707,2739
2369,2824
3,408
2630,3094
496,1738
1167,2202
1798,3237
1273,2369
6,827
33,1455
632,2043
2356,3235
96,2972
626,1740
53,2107
216,1576
2831,2976
1315,2716
764,3367
260,1353
1189,2082
252,2172
3049,3320
317,1106
1865,3533
1235,3366
650,2447
1382,1844
1051,2498
521,1286
1013,1977
2046,2534
1532,3481
639,2446
2549,3239
1878,3071
2182,3482
2086,2956
681,3207
1629,2488
659,2401
965,1919
2689,2882
3107,3395
1218,1870
1374,2383
930,3389
2062,2491
2438,2482
53,3530
2,266
1017,2230
2059,2607
24,3179
165,674
106,1262
961,1813
1236,1981
370,554
1170,3118
2369,2624
1454,2180
2622,2962
2866,3322
2024,2747
702,1535
1576,2062
686,3018
1766,2159
1465,2231
267,1085
621,1317
2042,2508
91,105
373,1215
163,210
1212,3478
1825,2924
1782,2059
612,3604
949,974
1422,2655
2179,2634
2257,3456
1033,2321
334,2549
267,1327
286,1340
263,1851
668,853
2060,3292
1295,2708
642,2786
891,1046
1317,3369
1122,2901
927,2137
134,3026
201,2033
2747,3333
1236,3417
1132,2542
3260,3329
612,1752
1331,1439
1532,3415
1223,3074
189,831
459,463
2750,2934
477,480
1407,2373
834,2740
1047,1801
3263,3455
682,885
310,3228
52,489
43,3113
1072,1336
648,3223
238,2342
3002,3047
3260,3571
710,1334
1728,3303
2157,2662
1513,2102
2488,2947
557,2179
739,1927
1051,2687
163,1996
1983,2667
1831,3027
697,2869
1375,1764
1475,1702
191,2997
287,719
1175,3396
2004,2955
1189,2513
1355,3219
1334,2342
821,3514
1621,3338
1041,2534
2381,2797
120,2420
2496,3309
383,3059
432,2655
748,3157
798,2520
2718,3358
1314,1353
697,3111
2046,2147
2287,3027
375,2013
813,3178
2162,3032
3129,3198
1181,3281
240,512
1139,3284
927,2647
2488,3552
2605,2676
2430,3089
804,2432
3183,3555
562,1852
385,987
2473,2870
1223,2766
2260,2762
391,3138
1475,3475
1478,2763
468,1143
2930,3496
2465,3396
968,1200
2482,2582
1422,2602
1201,3357
267,2321
1072,3243
2624,2931
208,694
1591,1593
699,3146
181,1234
1001,1498
1567,2138
335,2869
1002,2366
654,865
50,1690
619,1810
2656,3270
335,1822
746,2790
70,2278
2234,2988
396,462
409,3141
1825,3234
1152,2431
705,1742
47,3462
1894,2775
197,3406
1002,2379
701,1219
1733,2305
2691,3469
923,2207
504,2223
1383,3094
635,2154
14,1312
1603,2316
238,1471
1927,2147
436,3112
1274,2033
1440,2968
932,1249
1379,2692
392,1241
1177,3389
492,1300
29,3296
2479,3131
307,3240
2997,3242
1491,3441
1455,1532
252,1732
589,1354
1002,2984
1282,3038
248,2781
725,1134
737,2420
52,102
628,1201
755,1013
483,554
493,1013
42,848
1475,3288
1924,2397
1444,1760
852,1885
1189,2702
918,1421
60,1804
287,800
45,220
485,2707
1041,1905
2221,2741
287,1968
796,1845
211,926
71,2838
467,623
1234,1253
2512,2624
53,3198
517,1612
1456,3288
148,3206
1493,3355
772,1609
1721,1758
487,2379
1334,1497
2158,2698
926,2197
430,798
571,1740
1882,3288
176,2379
879,1038
1353,1897
272,1794
592,981
757,3263
1514,2488
409,2028
3,586
1899,2824
1794,2542
3263,3444
849,3266
1002,2313
591,1924
334,2564
751,866
1477,1495
2168,3520
1675,3587
285,2648
945,2694
1953,2484
2471,3413
989,2966
1598,2027
202,1603
2548,2815
1424,3308
3320,3331
2472,2941
3194,3340
1963,2017
770,2410
1145,3519
1896,3195
1120,3462
127,3243
312,2471
826,2692
275,603
1696,1794
1412,2035
875,2059
68,3013
90,557
1762,3316
237,3236
618,1881
940,1114
296,554
1653,2218
1111,1935
104,1781
608,1314
1218,3458
1061,1525
2773,3417
2308,2563
2427,2514
1860,1878
53,917
1443,2758
1639,2175
1109,3178
626,2657
1220,2349
1223,1829
1417,2368
1106,1954
736,923
2287,3392
707,2622
1734,2425
357,3263
1313,2782
1375,3431
979,3431
932,3090
1339,2956
375,1452
1201,3251
2045,3118
1613,3195
2488,2641
2247,2286
2763,3334
1885,2836
379,3264
1181,2491
425,1165
2574,3583
2269,2947
242,1983
1685,2667
1012,1635
1892,2179
421,1167
251,1924
908,1928
28,1357
2218,3288
954,1522
535,1804
2624,3417
1132,1794
1113,1515
500,2749
1031,2385
19,1658
1713,1924
1375,2868
1426,1867
858,2349
655,2929
1161,1340
784,1353
703,2411
1946,2778
352,2598
123,2775
188,3170
483,2300
692,1885
1382,3500
1743,2984
2228,2504
909,2758
2108,2853
2787,3370
1967,2325
1464,1475
331,2902
3192,3311
330,499
3389,3596
2038,2915
2739,2962
3000,3491
572,1429
672,1138
538,3538
2413,2913
1776,3524
702,1660
7,1098
217,679
843,1370
623,1101
1538,1666
2112,2692
1069,2127
1471,1841
2159,3447
154,515
1774,2818
1638,1725
1257,2528
787,1101
1475,3424
72,2287
282,1868
538,747
111,939
1981,3417
1088,2382
1249,3468
900,3085
995,3322
212,1930
117,1104
1402,3188
1570,2772
167,1864
2217,3522
952,2844
1614,2145
1829,1841
3255,3339
259,527
1311,3312
1603,3420
427,1013
122,148
1420,2666
3433,3503
608,1061
2488,2951
53,2650
1357,3027
369,671
339,1960
775,2756
1248,3205
1962,2962
1912,3370
418,425
352,2774
1687,1976
1496,3162
2590,3204
936,1519
1189,1699
581,3277
1866,3375
740,2546
2066,2682
1250,1830
1334,2238
1101,1478
2372,3139
481,1504
534,2828
1827,2750
100,1260
549,3072
1297,3460
2780,3314
2504,3379
191,2546
1070,3417
1137,2424
817,1022
1468,3463
1597,3348
2390,2984
487,2315
1084,2305
1570,2693
1417,3417
885,2361
613,1902
2168,3322
1106,3003
2879,3562
1334,2601
162,165
786,2732
1422,1896
2320,3046
2048,3112
1471,1788
2135,3000
486,1164
2287,2576
1933,2758
412,2154
939,2314
502,2047
2175,3459
1227,2488
853,1981
1018,2314
1665,1667
554,2624
201,1274
2050,2646
3056,3329
210,1996
72,1308
3099,3147
804,2920
1167,1511
19,2586
2806,3275
640,947
1424,3244
32,310
584,1806
2012,3185
451,1462
1013,1165
359,2627
2110,3427
549,1475
2195,3242
2107,3129
587,3393
1381,3439
240,2531
1437,2782
1673,1746
1635,3440
3074,3453
932,3468
3000,3009
2616,3312
852,1755
341,2182
67,896
1476,2750
177,3013
957,1138
493,1943
1089,2462
853,3417
806,1356
28,3011
1446,1716
418,493
1061,1353
2599,3321
377,1623
628,1205
571,2657
1188,2296
57,1618
1342,1716
1688,2124
766,1031
25,1558
1205,1603
1488,3352
1832,2933
2214,2705
335,1868
1085,3120
462,1680
317,1033
137,3317
995,2264
2175,2346
635,1729
778,1283
332,1691
2771,2865
1250,2261
267,2501
1789,3478
1924,2885
1172,1789
1123,2836
435,1001
572,2962
596,1858
214,773
714,3311
141,3449
476,1978
315,2518
1609,1682
325,2977
745,1348
2892,3168
2776,3222
1234,1741
3056,3276
2161,3592
623,3573
428,1348
1375,1865
2096,2187
1805,3435
200,3103
1776,1916
1022,1454
2156,3369
1799,3068
912,2750
1013,1112
2453,2545
1119,3494
1621,2163
823,1631
3058,3298
141,2765
734,1818
1305,2573
353,2355
697,2165
1821,2840
1019,3384
293,3243
1725,3546
577,1955
95,1952
1998,3146
1192,1999
1794,2333
2208,3370
1256,2923
1138,1655
2461,2503
84,1426
609,2065
643,3110
1453,2161
495,2717
2341,2623
82,1087
1226,1475
1138,2823
1206,1237
1421,2064
225,1257
1152,3108
875,2305
1950,3088
3315,3596
885,3410
2175,3098
487,2317
1079,1145
1710,2180
238,3195
205,1786
1068,1666
1517,2724
580,801
2469,3521
1796,2526
1961,2822
202,360
1475,3602
1167,1271
1490,2419
1201,2316
1868,3533
1433,2824
857,2627
1922,1968
358,994
1118,2668
751,2911
1852,2663
262,2454
995,3271
2500,3113
898,1618
3174,3323
798,2205
1684,2261
2475,3056
3357,3444
260,2758
1121,1811
116,2521
589,984
3355,3519
421,2568
756,2329
1876,2323
563,2688
1564,2502
738,3443
1462,2491
722,2452
3276,3576
360,787
946,2574
260,3000
1714,2153
537,3574
1113,2687
1205,3444
1430,1576
623,1776
2949,3073
889,2161
2750,3358
1554,2322
783,2933
2474,3194
364,734
1257,2974
2563,3424
2860,3122
2110,2624
1887,2323
564,1475
1016,2767
2086,3206
551,2933
2153,3381
1315,2282
52,2202
1791,1982
713,3116
1475,3402
181,1040
41,2952
1637,2454
2533,2969
2225,2624
1829,2624
957,2429
2192,2676
77,3319
2675,3089
1983,2044
111,688
842,907
1185,3232
1448,1885
274,3540
704,2370
3212,3415
1925,2978
2830,3084
1412,3396
428,745
1522,1541
663,2719
1485,3056
544,3027
1576,2420
659,3014
748,2305
1533,1942
2065,2705
958,2384
706,1382
983,1919
714,3192
1454,3490
1223,3069
827,854
2324,2821
1623,1727
177,708
282,1175
1013,2148
2282,2716
551,1336
1535,1735
1454,2793
776,1683
2744,2747
499,880
1469,3367
297,931
1597,1795
2947,3227
2403,2834
2080,2824
1330,1572
2686,3536
370,483
3203,3274
1391,1969
2118,2971
2599,3015
100,3224
518,1522
2469,2905
476,1525
453,1312
2154,2786
287,1774
359,1879
2489,3530
1233,2406
1391,3029
1141,2817
277,2483
782,2884
319,1433
2193,2835
1129,1652
421,1602
1169,1990
658,1020
616,3238
1890,2689
1815,2515
1758,1981
1314,2758
1283,3408
130,1022
1139,3171
225,1259
1868,3280
1083,3239
1351,2007
236,630
1101,1603
2387,2569
2000,2803
918,1603
135,174
804,1501
1318,1951
2744,3257
956,3292
1766,2343
1066,2669
1139,1427
1125,3478
655,2317
1145,2144
1338,3478
980,1555
913,3191
1332,2128
335,3335
1155,3599
1404,1859
481,2113
1561,3011
762,1574
1245,2482
1290,2898
366,1759
1403,2021
1145,1231
185,1189
456,1423
3438,3519
1822,1860
581,1805
383,1820
1071,3389
2239,2414
568,3263
1779,2658
683,2984
1003,2171
249,2234
980,2978
1165,1977
1139,2742
3201,3404
1238,2455
1020,2232
2508,2659
290,2127
29,1305
1020,1414
342,1536
53,1662
1899,2322
1033,1124
2650,3129
1209,1471
2193,2661
145,554
2694,3586
1278,3035
1443,2577
716,2248
2024,2744
1077,1409
867,3585
211,2197
1712,2859
372,2007
1439,2700
642,3588
240,3019
1078,1940
1195,2488
369,1214
984,1487
1516,2287
1131,3348
85,1576
1454,2311
2017,2919
488,3134
780,2488
391,3201
2779,3390
2457,3339
946,1208
1147,3184
735,2193
1188,1266
1201,3420
1201,1205
194,822
1981,3531
1633,2296
699,1223
2488,2810
2125,2758
1743,2427
1409,3076
335,946
391,2504
314,594
2514,2984
802,1846
341,468
1454,1506
795,2624
2019,2187
1731,3477
2226,3456
2594,3586
544,3392
2085,2662
1145,3272
97,1131
983,2392
1504,1606
2416,2654
771,1984
2517,3460
924,2751
1062,1409
2302,2488
3255,3574
688,939
2661,2835
995,1355
436,839
287,2931
1101,1229
287,487
666,2698
999,2349
814,2569
410,1725
2257,3253
757,1540
1008,3108
20,2479
909,2577
682,3352
267,1124
2806,3468
1881,2858
1912,2208
2371,2493
328,730
317,3052
30,3547
2563,3602
2201,2432
570,2185
1566,1692
205,1306
1774,2624
2854,3485
3574,3582
1249,3153
1635,1647
1435,3279
2458,3377
1375,1427
549,2139
2290,2517
311,510
155,3417
2017,2624
475,1143
318,671
1223,2763
939,1018
460,3006
1893,3460
671,1203
497,1841
285,1167
111,2034
1132,1534
1421,3357
779,1904
3175,3445
2538,3090
368,1552
1538,2895
736,2207
162,171
683,1563
1883,3280
1060,2718
60,2230
1145,3435
1372,2431
1860,3417
1158,1684
1445,2946
1320,3180
771,1689
258,3090
934,3373
1979,3001
420,2105
1832,3476
1799,1838
2228,3183
711,712
1281,2262
1284,1513
1461,3132
810,1630
290,1069
3195,3507
2826,3115
1288,3096
804,2229
699,2701
339,2129
1355,3271
118,2426
2432,2666
255,2926
642,1120
380,3106
2505,3181
8,1248
476,1353
947,3153
453,3584
1929,2496
1832,2563
1822,3272
1175,1475
953,2594
784,1590
1976,2692
27,2779
610,3396
469,1434
2487,2615
1339,2751
2607,3434
3245,3462
376,2411
1336,2224
348,2312
597,3053
370,1842
2548,3241
159,612
324,908
155,3351
1681,3511
1268,3113
639,2353
116,2083
51,116
2488,2678
1868,3229
1766,3447
140,2561
2305,2449
1933,2577
240,2913
68,177
324,2089
22,2690
56,59
30,824
2109,3153
1075,2896
581,3593
1875,3511
522,2195
2653,2987
438,511
546,3491
556,2489
2624,3454
74,2449
165,2567
581,1728
670,753
1552,3356
1032,2539
3251,3444
23,1292
1239,3017
554,699
1085,2321
2924,3234
1788,3195
136,1354
3281,3508
297,1982
168,2060
1670,2193
443,2036
2387,3231
653,1351
97,3348
837,1172
544,2576
1724,2658
2219,2600
911,1323
634,2506
1181,2904
1420,2432
697,2037
143,202
332,892
2654,2713
150,363
191,3104
287,2812
3002,3167
1053,2961
263,2347
2369,2557
2432,2842
2488,3417
3189,3235
1463,1933
692,1827
1748,2331
239,1027
581,2225
521,1945
3007,3460
500,3054
1066,2647
1181,3388
547,3516
535,2230
1357,2567
2479,3196
1022,2762
1273,2344
860,2929
53,3129
1675,1866
370,3186
2624,3146
2436,2866
1068,1538
2639,2673
1051,1076
238,3417
1610,1942
956,1189
1911,2873
2108,3387
2645,3097
1220,2467
427,579
1102,1657
1888,2337
1776,3587
1872,3295
499,1623
270,982
1572,2481
61,2565
160,2049
538,918
2064,3357
785,795
3462,3598
926,2491
1189,3130
2928,3139
1254,1273
25,3258
787,2561
2365,2652
1982,3116
2115,3416
2576,2579
1483,2651
2718,3157
1478,3475
3288,3458
1968,3073
1825,2536
684,2153
1656,3252
2225,3409
1121,3093
609,703
3285,3510
3315,3389
1542,3207
766,771
1005,1053
248,1599
1810,1975
476,1463
608,1353
2318,2418
764,1866
111,1715
1401,1403
600,3340
577,1895
1461,3147
1475,2227
2077,2332
1182,2685
490,1374
1525,2758
508,1428
2065,2214
2751,2956
2114,3567
771,1249
1187,2884
685,1182
119,2491
341,1143
2197,2491
1218,3402
982,3391
1764,2343
317,1954
112,2488
1505,3580
18,345
205,437
297,440
524,1385
1322,3580
1177,2933
1235,2120
1061,2758
457,1560
142,2488
1876,1887
589,1487
52,1511
336,1041
181,3382
528,1211
392,3013
1072,1311
197,293
383,2671
1570,1709
1138,1261
2210,2298
1002,2420
916,919
1201,1317
2059,3563
237,1570
1615,2125
3105,3150
1353,2125
1643,3355
1068,2895
1675,3573
1401,2021
2581,2857
179,2733
1146,1502
2429,2463
391,3555
983,986
955,3139
633,3088
2460,3506
1794,2891
2174,3112
267,2967
699,2624
781,973
258,932
264,1420
2041,2475
2166,2884
3419,3444
917,1692
356,1359
1837,3355
267,1812
2488,3056
506,2057
544,2349
900,3445
822,1805
751,1107
1205,3263
1425,3266
583,2691
1641,3012
1455,3559
2540,2549
1311,1336
867,2342
206,381
1033,1062
17,3340
287,720
116,2824
1100,1237
682,1249
2020,2900
1177,3443
1003,3290
2869,3111
579,1013
439,710
68,2194
873,3153
876,1357
516,3000
3250,3597
1157,2279
2405,2495
1309,1589
1462,1868
2305,3311
357,3357
751,2530
1678,2395
231,1969
804,3588
1757,3442
2624,3027
1345,2451
562,793
240,2728
1475,3463
2700,2793
1017,1602
61,2433
176,2420
1566,2046
508,2664
2041,2046
2291,3389
2427,2984
1200,2598
916,2839
671,2254
96,1794
1751,2886
2704,2740
197,2334
549,3432
1555,3590
1223,2888
968,2598
1566,3456
31,2688
2328,3284
1378,1715
1152,1372
66,2911
448,2976
2220,2933
370,3322
1602,1608
2978,3551
2163,3338
637,2619
2346,3459
3056,3326
1311,3243
1471,3195
1927,2014
2498,2769
2195,2997
25,2213
2554,3344
2175,2759
2827,3210
420,1988
285,1763
768,2671
1422,3195
570,2686
731,1328
1156,2029
1832,2312
1503,1844
331,1357
683,2748
559,992
2035,2082
1121,1927
305,1341
871,1981
2416,2713
2655,2995
1207,3364
2162,2833
601,3554
1666,2895
1767,3472
2684,2878
436,2174
2600,3180
965,983
1612,3305
2061,2377
822,934
365,2415
432,1422
1710,2793
624,3578
455,2574
831,3090
3407,3515
2144,3435
1885,3440
419,557
2223,3435
112,262
2340,3202
425,493
2868,3587
807,1312
1553,3088
594,1433
2612,2614
554,2300
1357,2624
209,2531
1778,2388
1193,1469
369,2254
1149,2631
3465,3469
2813,3543
755,1014
116,1027
2058,3381
693,3519
1037,3292
624,2894
756,835
3056,3126
1117,2763
267,2364
1414,2232
1116,2538
713,1138
683,2427
1805,3056
1422,2995
1454,1486
391,3423
322,1374
1910,2705
345,2260
1835,3056
1296,2482
2476,2564
1751,3062
2131,3054
1353,2006
2177,3170
66,751
200,980
3056,3260
2622,2739
824,3547
741,3549
169,2340
819,2422
597,1326
3054,3335
445,1457
2289,2980
713,2440
683,1743
1146,1504
285,421
1030,1329
42,1454
3132,3147
1491,3121
1033,1977
1571,2555
1895,2652
1384,1682
1151,3137
3387,3494
469,2056
1428,2664
1982,2018
1603,3419
2593,3340
1222,1512
818,2331
1353,1443
623,1826
3339,3574
143,1603
1701,3028
287,1769
244,3119
3127,3516
2124,2609
787,1826
329,719
26,910
2032,3020
3167,3588
754,831
188,2177
918,1464
548,1665
928,1886
1635,3505
2192,2605
2624,3016
2111,3434
2775,2956
1704,2558
2763,3067
495,2943
2305,3192
3314,3355
356,3013
2469,3034
2945,2963
491,2420
1879,3434
1067,1075
2216,2561
331,1909
1170,1661
3198,3530
732,1435
1327,2813
1098,1529
2818,3016
357,3251
780,1139
386,1737
1220,1640
819,3282
403,1152
533,1612
416,798
139,1981
930,3234
1009,1312
1609,2768
2371,2862
1006,3000
1245,1296
586,1623
1036,2125
370,2264
1500,2488
2347,2855
551,2312
561,2505
421,2202
1560,2246
493,1324
2368,2914
1317,2488
1766,2351
766,2385
1375,1675
2037,2814
1519,2888
459,1676
1603,2064
541,1220
2627,3030
672,1905
2851,3448
1481,2488
278,702
2812,2931
1496,1793
688,2034
2498,3000
1070,2624
778,1927
749,997
499,1051
339,833
2290,3007
2205,2640
530,3555
356,369
5,1603
1602,2202
1223,3374
1283,1927
188,1172
1470,3187
2186,2374
1124,2321
406,1250
2171,3005
529,1357
2148,3021
1033,3105
324,2645
2068,2503
1446,1931
2091,3426
2617,2947
165,3002
1209,1237
1982,3604
2056,3324
1603,2561
513,2409
1753,2505
2806,3529
1443,1525
546,3000
334,3575
447,3223
287,3005
2488,2550
988,2005
1468,3396
2488,3489
628,3419
1882,2218
2494,2974
391,3183
2488,2671
2836,3125
955,1949
640,2840
19,1446
2488,2563
1519,2930
514,3411
266,1323
2850,3144
2175,3500
1111,2583
2054,2981
2134,2681
1674,2696
136,3320
418,2252
583,1272
567,2725
1000,1560
1913,3220
27,3390
1653,1832
1357,3002
2191,2410
2096,3341
341,1981
2078,2883
684,2091
225,2974
1250,1684
3407,3438
804,2048
521,1696
278,1709
1327,3486
2863,2937
1531,2498
1646,3239
1307,1558
2322,2475
145,483
1311,2616
554,947
287,2818
1541,1617
1947,2039
1946,2834
475,1822
1051,2921
1281,1397
909,1525
945,953
1223,2624
2551,3358
1422,3507
682,3468
1678,3204
267,3226
487,1243
170,3293
1372,3097
548,1667
1055,2932
1860,1868
158,1189
3121,3595
1524,1690
1037,2060
553,964
2149,2910
1558,2213
1566,1808
1843,2574
62,848
205,375
1621,2646
14,807
2272,3367
212,1731
1645,2222
5,169
32,2258
1470,3389
2504,3380
294,1211
383,2488
1468,1478
69,2032
169,3202
800,3005
142,2776
707,2962
1175,3067
554,2491
1321,3121
319,867
2048,2174
1635,1776
205,1785
1999,3450
48,3033
774,1676
2140,2406
2264,2738
461,1216
1011,1360
165,171
2670,3160
2222,2741
2337,3216
463,1676
499,1858
3355,3384
3251,3263
383,2851
2597,3153
1,1766
1365,2423
682,932
165,642
183,696
1289,2549
292,868
1567,2493
1566,2534
1707,2244
1273,2955
2221,2465
736,3504
149,1987
157,2521
2342,2876
76,3350
1020,3155
2571,3113
1726,3546
1246,1926
657,1760
1990,2838
1128,1153
173,1418
248,2760
1462,1672
2269,3192
1257,2960
1159,2802
3112,3588
1203,2845
1478,2784
962,1470
2814,3113
56,1664
3250,3414
1183,3280
862,2407
1525,1933
797,2463
279,1305
540,3295
2334,3011
2319,3376
476,2758
997,1706
1731,1930
509,2117
2876,3186
622,1765
1635,2865
1800,2969
1117,1478
1841,2741
2271,2554
1158,1250
906,1709
357,1201
945,3586
688,1715
657,2136
1173,3221
600,3588
2452,2750
1441,3157
2115,3101
2887,3028
1686,1877
1603,1879
2024,3333
1924,1934
2048,2229
1733,3157
1825,3389
804,2842
2606,2678
1866,2868
718,789
1057,2241
1475,2488
1853,3343
327,2624
564,2308
72,3566
225,2613
1254,2260
1794,1945
1406,1836
930,3304
2165,3056
1951,2538
1472,1786
1435,2658
1022,2260
260,476
947,2840
1316,2414
2037,3113
2489,3395
1830,2261
1375,1866
136,2409
2078,2777
1894,2956
2420,2477
565,2522
943,1391
564,2563
701,2797
50,1524
1700,2309
3250,3348
2141,2954
986,1919
1851,2855
1345,3020
1636,2903
1491,3488
1200,3504
123,1894
1033,2344
83,775
580,1581
2894,3578
197,3011
2454,2488
88,2058
1060,3157
671,1884
73,2423
1139,3386
110,2490
1237,1477
2643,3299
1277,1815
867,1651
1235,1818
1839,2750
2442,2491
1139,3278
588,1189
944,3039
1124,1694
17,3588
3212,3348
1061,2577
40,2488
945,2594
650,2188
2427,2748
262,2308
1201,1244
752,1189
487,2426
211,2491
376,609
56,3371
2158,2974
1896,2974
699,1033
2548,2607
3300,3437
876,3002
3357,3419
1156,3056
1687,2692
291,2204
1504,2463
831,1431
671,3428
447,2488
1789,2595
1675,3513
2339,2510
529,2032
207,1981
580,3246
415,2684
2287,2579
1106,2538
2572,2977
939,1378
830,2145
2557,3342
8,3205
1018,1378
383,867
1423,2366
965,2720
701,2381
489,2202
757,3444
439,1334
1603,3357
412,642
996,3322
1189,1273
1794,3302
1415,2488
1033,1928
1528,2136
1478,2544
1078,2610
2432,2771
68,2939
1327,3543
1406,2375
1231,2559
1613,2624
3359,3575
1048,3081
788,2218
2283,3587
676,994
3417,3516
1412,2082
3389,3454
2503,3361
2577,2758
1498,2499
521,1995
1119,2853
1163,2401
1475,3161
1051,1113
1087,2527
1331,3153
3490,3519
608,2758
117,2706
2574,3483
1481,3326
1425,1475
2551,2718
2500,2672
657,2017
1410,2520
2587,3085
1583,2448
2379,3550
89,2435
522,2997
853,1555
1331,2348
2931,3016
2222,2556
1172,1537
2560,2780
1851,3286
734,3526
1382,1761
1721,1981
2223,2636
1099,1143
185,3203
288,2658
2466,3037
776,1429
1935,2583
1774,2931
213,1437
375,452
2345,2868
1531,2126
1201,3419
465,1513
565,3437
2593,3091
1101,3417
848,1022
554,575
2647,3327
439,1497
260,1525
1454,2902
943,1969
2312,2933
1216,3030
414,2379
1885,3125
66,1107
816,1110
995,2738
1301,2027
3352,3385
1256,2550
1051,1623
495,1405
980,3140
481,3456
1616,2304
391,530
1807,3592
236,1410
1676,2843
2789,3164
2624,3585
642,3266
1375,1868
1599,2781
310,1480
2770,3006
1390,2378
299,3048
1020,3333
1670,2661
1546,2854
184,294
867,1519
669,1009
908,1062
450,2170
1446,1640
1675,1850
1866,3367
675,2638
1143,2743
2834,3004
1091,2058
1342,1640
1443,1463
1520,1912
66,2530
626,652
917,1124
41,1719
1469,1866
841,2297
986,2392
299,3411
555,893
1062,1892
1805,2165
1249,1984
628,3357
471,1653
117,1835
308,1137
461,2133
3365,3407
1868,3389
345,2187
266,911
610,1475
971,2878
1574,2161
1835,2165
1353,1933
121,1432
2342,3430
893,2177
234,1080
1201,2064
767,1543
1460,3456
2024,3269
942,3466
1375,3533
549,2488
2927,3423
390,2616
460,3355
1002,1423
2851,3320
867,2955
1317,1434
602,671
1922,3005
1209,3069
1384,1609
1289,2540
1475,1498
2607,2815
327,2802
86,1693
934,1036
2857,3606
1052,1257
2313,2984
520,2150
246,864
650,2674
1760,2017
1968,2949
1028,1802
1546,3485
1766,1768
935,1382
1223,3475
1143,3482
335,1242
436,2048
1943,2488
809,3313
3389,3443
2997,3104
1949,3178
2343,2351
1236,3013
922,2328
813,1109
2175,2888
58,947
660,1806
167,1119
2094,2899
1836,2375
3232,3509
134,1817
1084,3157
662,3168
1119,2855
1551,3037
332,2475
1603,2904
1051,3330
939,2106
984,1354
1475,2345
144,3070
1231,3153
3101,3416
1822,2574
165,3358
1603,1749
352,740
2115,3092
967,2999
1054,1655
949,1898
2301,2730
3348,3414
358,676
1326,3053
152,1968
357,1205
1110,1937
38,671
1793,3162
1958,3495
671,2304
502,1034
2379,2505
81,223
934,2125
77,2733
1006,2001
1183,2600
921,1139
1497,2238
2063,2915
335,2210
1331,2700
457,1678
995,2256
371,1382
2614,3139
1685,2824
2110,2293
2060,2472
382,1625
53,2618
2031,2414
1067,2896
690,2680
1125,2608
2123,2124
465,468
1497,2601
2493,2862
1409,2488
698,3187
930,3429
1416,1602
1365,1556
1857,2247
90,419
1397,2262
1357,3358
1524,2488
493,1977
1114,2324
185,1595
680,1574
1669,2842
1006,2498
739,2154
1022,1459
2701,3403
2584,2589
1020,1349
2662,3182
949,1819
446,710
1896,2602
1033,1409
2153,3426
1133,1532
2595,3478
3362,3391
372,653
50,2588
1006,1693
1429,1530
2507,3550
2223,2559
165,2016
1823,2625
114,213
165,3413
798,3097
826,2112
879,955
2618,2721
1181,3508
2256,3271
53,2310
3573,3587
1317,3517
1776,3573
702,1709
1600,3088
475,3467
2307,3209
3363,3484
1981,3453
439,2238
2108,3494
1114,2821
607,2724
1997,2350
615,3073
1236,1471
451,1201
2488,2624
1822,2763
853,915
918,2064
1167,2539
143,2216
3427,3482
2700,3153
2763,3438
36,1982
421,2318
572,1962
1405,2717
1009,2488
359,393
570,2562
611,2563
2223,3056
13,399
543,1382
1930,3477
183,581
718,1908
2736,2823
1927,3408
1170,3200
1123,3125
287,2624
899,1690
2812,2818
391,466
3092,3101
2677,2859
1357,2016
238,2624
123,422
771,3087
1619,3184
867,3320
755,864
1081,3020
1120,2682
1170,2045
2709,3457
1138,2736
1064,2558
1089,2322
1560,1678
1291,2722
1781,2549
1209,3326
618,2858
1960,2965
241,885
38,68
795,2225
875,3157
1399,2376
2393,3234
739,1283
109,3102
1623,2498
2220,2488
1490,2908
571,652
1520,2787
2287,3417
1135,1633
1357,2500
1926,2391
603,2297
936,1460
2620,3482
581,1232
2802,3230
1541,1799
1472,3389
1990,3086
1454,2288
2875,3479
166,1892
2482,2501
2088,2318
1344,2278
1475,3515
671,1017
1240,3389
2202,2568
634,2118
1745,2100
107,157
2247,3250
842,1020
1475,3407
578,2896
49,2488
1771,2624
979,1375
330,966
1471,1837
1209,1837
37,155
262,2488
578,2199
2417,3149
1660,1709
2240,3452
875,2607
3244,3308
2624,3334
731,1138
3138,3555
1181,1603
346,2199
1199,1657
1205,3357
157,233
1707,2292
719,1922
1776,2836
655,860
2439,2628
1818,2015
264,2695
1114,2313
1973,2074
57,123
1705,2488
2037,2998
612,2102
25,3325
2977,3327
1800,2533
2049,3466
1899,2475
1417,1977
1253,1317
475,2743
473,1879
1100,1223
1891,2018
3417,3454
713,1982
2602,3507
1654,1782
2349,3061
2488,3405
2068,2553
60,1602
1330,1577
1623,2324
2321,3120
265,1189
413,2750
1435,1980
1715,2034
379,2644
2722,3585
2488,3418
1114,1521
2215,3488
2185,2562
1046,3043
189,1436
1319,2155
2635,3064
2497,3588
1733,3192
544,3061
2106,3208
1820,2851
934,2758
414,1002
3129,3306
713,2237
1087,1889
2353,3206
1422,1879
386,3010
418,1013
1317,3519
1214,1822
2733,3319
2154,3383
1013,1014
116,2489
1504,3503
568,1603
122,3206
347,1604
383,1786
1382,2759
80,2916
3061,3427
311,1802
794,2710
1088,2662
204,629
2523,2704
260,1463
810,1607
612,3083
1033,3076
6,1058
1117,2023
1427,3417
1138,1328
671,2845
1374,1541
1145,3438
624,1457
710,1497
1644,2075
1312,1336
919,2839
1703,2884
30,196
2488,3339
298,1179
81,2642
58,3153
2312,2884
2881,3041
1133,1455
828,3330
1748,2253
2993,3218
792,2101
1273,2145
1392,2096
906,1570
3523,3568
2092,3123
586,1070
685,3264
908,2289
1709,2274
735,1580
382,1950
189,2538
796,2169
1310,2161
229,2058
205,1472
1607,1630
965,2392
2085,2157
644,3468
1475,3396
2144,2737
532,2769
1232,1460
824,2123
74,2305
1649,3145
1460,2226
776,1530
1743,2514
915,1874
877,3339
53,3306
1744,2106
2488,2789
143,2970
1868,3569
804,1669
1824,2516
383,1841
689,901
759,1603
425,2252
1868,3461
1317,1372
1210,3232
962,1144
535,1602
1237,3069
1044,1479
956,1595
290,2737
656,3060
66,1797
1020,2024
878,2614
205,1848
1695,2873
98,2917
905,2488
416,2031
1289,1781
1112,2148
1566,2355
1000,1678
731,1261
1620,2820
1005,2961
1355,2256
1993,2018
1205,3251
262,2624
621,985
340,1231
133,1167
2092,3165
554,3146
287,2802
3201,3451
1379,1687
331,1532
582,3100
544,2579
68,3000
2624,2773
165,1886
1943,2789
1991,2079
1805,2855
608,2577
1783,2544
568,3444
1094,2965
2090,2206
1302,2621
942,2049
2187,2260
748,2449
1863,2136
314,1433
630,1410
1665,2565
1835,3205
2654,3308
1079,2175
719,1603
185,3130
609,2411
74,1084
195,556
921,3171
2344,2974
993,2522
360,623
356,3133
423,2665
345,1254
1181,3512
4,2947
804,2771
1475,1478
1475,3464
932,3185
519,1555
1534,2058
863,1136
221,1898
1183,2538
484,2537
1217,2122
1468,1475
413,1839
1574,1578
1894,2751
1861,2574
691,736
2114,3168
475,2545
1643,3519
1347,2474
165,1565
1640,2467
1189,2302
2811,3483
189,3090
1083,2549
3099,3132
1640,3406
350,2900
161,1981
185,2338
588,2957
459,2843
851,1381
918,3357
1331,2772
1217,1438
1433,2002
2541,2696
1040,1253
985,1317
2079,2113
1021,2731
928,2503
88,2792
909,1443
1100,3374
295,762
475,1861
941,2563
1342,1446
2300,2876
457,1992
352,478
1110,1325
1201,2904
554,3093
15,75
560,2090
2403,3004
838,1805
354,3153
1023,3019
1209,1223
116,2049
692,3148
1019,3314
57,422
826,1687
46,1990
953,2694
512,1002
455,2454
1463,1978
375,1118
287,2991
947,1051
1965,3020
397,2570
631,1754
1169,3086
1422,2512
1251,2859
848,1459
2724,3193
669,1312
3138,3183
1919,2392
1117,1475
705,2699
132,3066
3048,3411
190,267
990,3097
1317,3455
1560,2395
1079,3519
280,1365
3263,3420
2201,2842
195,2489
1805,2347
2016,2567
672,1596
2355,3430
794,1478
16,3133
2399,2978
710,2238
1209,2888
424,1386
2636,3564
380,791
72,2624
92,95
1417,2773
434,3242
2196,2511
1982,1993
619,1975
2088,2685
434,2195
1330,2481
1963,2919
824,2609
581,2888
1173,2534
1499,3458
225,2960
1163,3014
1013,2252
1333,1439
826,1379
1392,2019
473,1749
125,285
710,2601
1918,2250
1795,3348
828,1051
335,3518
457,1000
181,1065
1416,1608
2319,3065
118,487
1279,2505
3250,3345
2026,2705
56,2763
1327,2438
1199,1206
2974,3117
2003,2428
2013,2887
1390,1447
493,1165
2771,3468
164,1892
680,762
1020,1355
875,2169
811,2413
699,1943
1788,2624
2062,3129
2153,2493
682,1481
2216,2549
2300,3186
142,2641
2227,2563
451,1181
623,2190
423,1607
2635,3297
1076,2401
800,2991
390,2598
555,2177
61,3591
930,1825
2071,3605
1145,2127
1159,3230
1363,2471
1082,2983
1286,1995
116,157
2418,2494
1211,2989
719,800
365,3197
1218,2884
719,1968
391,3371
2832,3423
2001,3000
774,2843
581,728
1422,2017
1838,1932
463,2843
3332,3601
818,2253
197,1640
2903,3424
1999,3462
1460,2888
1226,3475
135,1930
2017,2284
398,2569
446,1334
2956,3206
616,1745
614,1147
2394,3173
776,916
1061,1314
717,1504
123,2751
2488,3222
2371,2408
1156,1322
373,1879
3354,3602
1685,2080
671,2970
1724,1779
2002,2955
295,2161
1344,2726
236,2520
743,1799
636,2639
2540,2715
1337,2686
1183,2219
40,1009
1041,2809
499,1294
650,938
1603,2549
1475,3266
965,986
1541,3068
956,1920
699,1998
1383,2630
1865,3313
2654,3244
842,1939
2491,3482
944,1923
2503,2553
639,1287
140,1603
1272,2691
2416,3308
2890,3349
1181,1462
799,2363
477,2312
1502,3503
671,3346
1438,1532
1868,3331
1355,1763
340,1785
1434,2056
940,1521
261,1906
2270,3496
565,3300
317,1249
211,3482
59,1664
2600,2849
213,1313
863,2361
1684,1830
422,898
587,2133
875,1782
2530,2911
2464,2557
1354,1487
309,2081
1123,1776
2260,3400
1220,2877
908,1033
2749,3335
2498,2935
2005,2285
1136,2361
3002,3148
405,570
2903,3371
1982,2237
60,535
2369,3585
1357,3124
247,1566
1293,1382
492,3548
1581,3246
373,887
1258,3495
270,3391
2055,2994
951,2153
1001,2499
1491,3595
144,892
634,2971
465,2933
1571,2800
487,1002
209,240
1004,2689
596,1403
702,1570
2102,3604
908,1409
3115,3280
176,1002
1439,1570
2700,2772
2598,2761
863,885
1009,3154
3168,3291
1768,2159
3013,3353
2039,3376
1416,2202
1350,1353
2189,3320
1033,1417
250,2994
3253,3456
1020,2646
1828,3314
380,2471
1225,1479
867,1771
1176,2755
262,1139
291,1840
79,1432
1893,2517
260,1443
2293,3427
359,1422
3151,3421
3371,3424
1626,3112
1832,3446
1635,1885
1361,1582
1001,2996
1570,3153
303,1382
1121,2014
345,2547
1647,3521
1970,2750
1462,3512
1357,3166
280,1556
1873,1999
2156,3519
2921,3093
54,1859
1607,2186
2624,3516
3303,3545
1316,2239
294,528
717,3600
516,1624
1504,2933
370,2738
461,2627
925,2502
1327,2482
1879,2995
2600,3280
449,2509
2479,2990
2503,3347
675,1280
604,811
2175,2764
671,1804
2163,2646
1320,2600
1786,1841
86,1006
520,1234
1216,2627
481,717
1433,2369
1471,2624
1070,2280
3423,3451
155,180
158,185
2759,3407
1422,2624
2308,2488
474,1653
2058,2542
3322,3520
1119,1805
1516,3427
1868,3320
1909,3358
1312,2873
1253,1741
1465,2563
3404,3451
56,3183
2504,3423
1602,2568
855,1587
356,1903
908,2645
2148,3495
107,2367
2624,3195
1051,2401
359,1356
1189,3274
1584,1588
2253,2915
1976,2112
1382,1639
1282,2455
536,1847
1050,2297
391,1200
310,2258
863,3410
111,2314
617,1139
660,2529
902,2062
1254,3416
615,1968
2086,2751
1201,1540
2219,3280
1883,3331
785,3059
1728,2225
402,813
930,1198
816,1325
375,1848
25,274
2574,2811
2689,2798
172,2687
630,798
521,1794
1725,2233
469,3324
918,1201
897,3478
1042,3078
1080,3370
861,1983
1265,2598
359,806
294,825
1314,1443
213,3088
1092,1744
422,2444
1981,3074
2645,2825
3125,3462
2183,2242
2503,3415
2896,3346
2868,3513
891,3043
1001,1454
60,671
882,2176
918,2624
1470,3366
35,2011
2416,3244
143,3005
205,2459
776,1228
929,1470
1794,2672
2299,3598
1965,2032
3129,3530
2194,2498
778,3408
729,3223
1917,2900
1151,1640
839,2048
837,3170
1886,2503
867,3049
1032,1167
1443,1933
1204,1422
2504,2552
446,2238
367,1716
1454,3519
867,2002
615,2949
868,1594
1893,2290
532,1904
1855,2937
406,1684
230,1953
1968,2814
422,1894
1187,1202
173,2092
689,3177
2342,2624
3128,3304
1405,2943
455,3360
948,2475
72,2804
2293,2624
804,2201
332,3145
1321,3595
691,1213
1043,2604
692,1623
1230,2430
407,2393
38,52
1336,3243
954,2912
959,1041
721,1627
3085,3445
1039,2956
1981,3129
2724,3173
1818,3596
1378,2314
796,875
159,1752
2081,2141
2203,3070
496,1522
1148,2202
673,2646
970,2344
2486,3129
663,1635
1107,1797
479,1181
272,1642
1117,1468
65,3527
1510,2860
1138,3217
1002,2390
653,2007
909,1933
2027,3086
572,1530
391,3404
331,3124
2287,3427
380,542
1520,2208
671,1364
1070,3584
316,2893
357,3419
1516,2624
64,1854
1003,3005
1027,2167
1347,3340
